{"cameraMode":{"drawMode":0,"name":"Shaded","section":"Shading Mode"},"sceneLighting":true,"audioPlay":false,"sceneViewState":{"showFog":true,"showMaterialUpdate":false,"showSkybox":true,"showFlares":true,"showImageEffects":true,"showParticleSystems":true},"in2DMode":false,"pivot":{"x":914.1654052734375,"y":68.6309814453125,"z":839.6373291015625},"rotation":{"x":-0.6002337336540222,"y":0.0052761780098080639,"z":-0.003960042260587215,"w":-0.7997978329658508},"size":956.440673828125,"orthographic":false}